www.test1.com;test article 1;1577836800;0.677266197596655
www.test2.com;test articel 2;1578009600;0.334132363836481
www.test3.com;test article 3;1578009600;0.431266277222658
www.test1.com;test article 2;1578182400;0.252047924172997
www.test2.com;test articel 3;1578268800;0.535188088552475
www.test3.com;test article 4;1578268800;0.236280613437627
www.test1.com;test article 3;1578268800;0.36436454767109
www.test2.com;test articel 4;1578268800;0.983872377063885
www.test3.com;test article 5;1578355200;0.801501825279248
www.test1.com;test article 4;1578355200;0.0103789147415079
www.test2.com;test articel 5;1578441600;0.460808004752084
www.test3.com;test article 6;1578700800;0.780457646204865
www.test1.com;test article 5;1578787200;0.572834188369942
www.test2.com;test articel 6;1579046400;0.694146980370456
www.test3.com;test article 7;1579046400;0.702353608690195
www.test1.com;test article 6;1579132800;0.628939718193177
www.test2.com;test articel 7;1579392000;0.654516079330963
www.test3.com;test article 8;1579392000;0.293745367479837
www.test1.com;test article 7;1579478400;0.438039616156197
www.test2.com;test articel 8;1579478400;0.874697350179497
www.test3.com;test article 9;1579564800;0.130063525377418
www.test1.com;test article 8;1579651200;0.358119783903949
www.test2.com;test articel 9;1579910400;0.400853331637624
www.test3.com;test article 10;1579910400;0.453090193278543
www.test1.com;test article 9;1579996800;0.682255610237214
www.test2.com;test articel 10;1579996800;0.269372735651678
www.test3.com;test article 11;1580083200;0.930533920395503
www.test1.com;test article 10;1580083200;0.809975592345393
www.test2.com;test articel 11;1580083200;0.63067052591515
www.test3.com;test article 12;1580169600;0.994944490226017
www.test1.com;test article 11;1580428800;0.843429380940175
www.test2.com;test articel 12;1580601600;0.493640735264054
www.test3.com;test article 13;1580688000;0.163690092427418
www.test1.com;test article 12;1580774400;0.273261197267369
www.test2.com;test articel 13;1580860800;0.243311769019975
www.test3.com;test article 14;1580860800;0.747168132691334
www.test1.com;test article 13;1580860800;0.145276079995409
www.test2.com;test articel 14;1580947200;0.244155306242722
www.test3.com;test article 15;1580947200;0.217833131572242
www.test1.com;test article 14;1581033600;0.945088798426997
www.test2.com;test articel 15;1581033600;0.722919051957468
www.test3.com;test article 16;1581120000;0.978773456079266
www.test1.com;test article 15;1581120000;0.514082761816371
www.test2.com;test articel 16;1581724800;0.221997412964007
www.test3.com;test article 17;1581811200;0.685661056623418
www.test1.com;test article 16;1581897600;0.0473732439239325
www.test2.com;test articel 17;1582070400;0.216416376510621
www.test3.com;test article 18;1582156800;0.615767196951885
www.test1.com;test article 17;1582156800;0.287793980016167
www.test2.com;test articel 18;1582243200;0.684505805695228
www.test3.com;test article 19;1582502400;0.562136881273049
www.test1.com;test article 18;1582502400;0.643708934256427
www.test2.com;test articel 19;1582502400;0.332132780685552
www.test3.com;test article 20;1582675200;0.269553836661745
www.test1.com;test article 19;1582761600;0.314631264120727
www.test2.com;test articel 20;1582848000;0.87805035423552
www.test3.com;test article 21;1583020800;0.363435608048085
www.test1.com;test article 20;1583020800;0.0119310299648298
www.test2.com;test articel 21;1583020800;0.979729238755058
www.test3.com;test article 22;1583280000;0.304851143823651
www.test1.com;test article 21;1583452800;0.264377133757796
www.test2.com;test articel 22;1583452800;0.843341579614446
www.test3.com;test article 23;1583625600;0.867643832778712
www.test1.com;test article 22;1583798400;0.495898457783169
www.test2.com;test articel 23;1583884800;0.739608354477838
www.test3.com;test article 24;1584144000;0.528704594662565
www.test1.com;test article 23;1584230400;0.658306232870847
www.test2.com;test articel 24;1584316800;0.428868326691335
www.test3.com;test article 25;1584403200;0.29141540042693
www.test1.com;test article 24;1584403200;0.20847924278718
www.test2.com;test articel 25;1584403200;0.39963126694828
www.test3.com;test article 26;1584489600;0.425133202173155
www.test1.com;test article 25;1584489600;0.378937901181817
www.test2.com;test articel 26;1584489600;0.228455741688428
www.test3.com;test article 27;1584576000;0.327278891820603
www.test1.com;test article 26;1584576000;0.596759959167083
www.test2.com;test articel 27;1584662400;0.0350562780394679
www.test3.com;test article 28;1584748800;0.965789766850958
www.test1.com;test article 27;1584835200;0.728368266001763
www.test2.com;test articel 28;1584921600;0.218199351026433
www.test3.com;test article 29;1585094400;0.231768532235754
www.test1.com;test article 28;1585180800;0.378061931693423
www.test2.com;test articel 29;1585180800;0.0390324500598538
www.test3.com;test article 30;1585353600;0.766404347383241
www.test1.com;test article 29;1585440000;0.0568327127617148
www.test2.com;test articel 30;1585526400;0.772544925295984
www.test3.com;test article 31;1585612800;0.709821652420827
www.test1.com;test article 30;1585612800;0.852652220851408
www.test2.com;test articel 31;1585699200;0.382656356462809
www.test3.com;test article 32;1585699200;0.560337097971621
www.test1.com;test article 31;1585872000;0.915969870745572
www.test2.com;test articel 32;1585872000;0.460449774591894
www.test3.com;test article 33;1586044800;0.496138263366178
www.test1.com;test article 32;1586217600;0.435572342574101
www.test2.com;test articel 33;1586304000;0.349728829236651
www.test3.com;test article 34;1586304000;0.597163394801195
www.test1.com;test article 33;1586736000;0.830266818171607
www.test2.com;test articel 34;1586908800;0.396633934592852
www.test3.com;test article 35;1586908800;0.607802453833354
www.test1.com;test article 34;1587081600;0.780768131482291
www.test2.com;test articel 35;1587081600;0.843937550362273
www.test3.com;test article 36;1587081600;0.331375030201764
www.test1.com;test article 35;1587081600;0.790881875582405
www.test2.com;test articel 36;1587254400;0.937133063217258
www.test3.com;test article 37;1587254400;0.858435065405296
www.test1.com;test article 36;1587427200;0.141808238349771
www.test2.com;test articel 37;1587513600;0.412437416646218
www.test3.com;test article 38;1587513600;0.650934996032366
www.test1.com;test article 37;1587686400;0.00690928240895927
www.test2.com;test articel 38;1587686400;0.221454432559868
www.test3.com;test article 39;1587772800;0.478522704004586
www.test1.com;test article 38;1587772800;0.7037792889671
www.test2.com;test articel 39;1587772800;0.0644337827845528
www.test3.com;test article 40;1587945600;0.57074294333817
www.test1.com;test article 39;1588032000;0.182309787817761
www.test2.com;test articel 40;1588032000;0.374845784285018
www.test3.com;test article 41;1588291200;0.253724980188558
www.test1.com;test article 40;1588291200;0.489421274882443
www.test2.com;test articel 41;1588377600;0.613975300544065
www.test3.com;test article 42;1588464000;0.340783759475231
www.test1.com;test article 41;1588550400;0.635990237610484
www.test2.com;test articel 42;1588550400;0.437681253146677
www.test3.com;test article 43;1588723200;0.21978569962374
www.test1.com;test article 42;1588809600;0.755076947780949
www.test2.com;test articel 43;1589068800;0.363263097619371
www.test3.com;test article 44;1589068800;0.566745249388631
www.test1.com;test article 43;1589068800;0.213117781466604
www.test2.com;test articel 44;1589155200;0.528278034901101
www.test3.com;test article 45;1589155200;0.850116567738325
www.test1.com;test article 44;1589500800;0.211992450159593
www.test2.com;test articel 45;1589500800;0.234664341588719
www.test3.com;test article 46;1589587200;0.295266867350489
www.test1.com;test article 45;1589587200;0.394872208321853
www.test2.com;test articel 46;1589673600;0.94013847271559
www.test3.com;test article 47;1589673600;0.607760014656126
www.test1.com;test article 46;1589846400;0.824458369060922
www.test2.com;test articel 47;1589846400;0.653097992570451
www.test3.com;test article 48;1589846400;0.0452229523972553
www.test1.com;test article 47;1589932800;0.0450668112027167
www.test2.com;test articel 48;1589932800;0.521251721351026
www.test3.com;test article 49;1590278400;0.143859999868714
www.test1.com;test article 48;1590278400;0.291852669552815
www.test2.com;test articel 49;1590624000;0.0388622059852829
www.test3.com;test article 50;1590624000;0.392394910777351
www.test1.com;test article 49;1590624000;0.70696741797613
www.test2.com;test articel 50;1590710400;0.315368904664269
www.test3.com;test article 51;1590796800;0.730784730722995
www.test1.com;test article 50;1590883200;0.318226707516394
www.test2.com;test articel 51;1590969600;0.117544988518604
www.test3.com;test article 52;1591056000;0.568205027753202
www.test1.com;test article 51;1591056000;0.934802323084814
www.test2.com;test articel 52;1591228800;0.110501266450641
www.test3.com;test article 53;1591315200;0.934682190030245
www.test1.com;test article 52;1591401600;0.573847144316381
www.test2.com;test articel 53;1591574400;0.146350894590022
www.test3.com;test article 54;1591660800;0.62026821632159
www.test1.com;test article 53;1591747200;0.618088041519054
www.test2.com;test articel 54;1591833600;0.00256700867925663
www.test3.com;test article 55;1591833600;0.0325744390501038
www.test1.com;test article 54;1591920000;0.0566864478523967
www.test2.com;test articel 55;1591920000;0.426155516421344
www.test3.com;test article 56;1591920000;0.873269608109609
www.test1.com;test article 55;1592006400;0.8776146477538
www.test2.com;test articel 56;1592006400;0.293830782508374
www.test3.com;test article 57;1592092800;0.779784805440291
www.test1.com;test article 56;1592179200;0.263136355215511
www.test2.com;test articel 57;1592352000;0.169363519887356
www.test3.com;test article 58;1592611200;0.555480151874762
www.test1.com;test article 57;1592697600;0.334495191677385
www.test2.com;test articel 58;1592784000;0.445196947176831
www.test3.com;test article 59;1592784000;0.550186773941935
www.test1.com;test article 58;1592870400;0.717645386327318
www.test2.com;test articel 59;1592956800;0.259755660048591
www.test3.com;test article 60;1593043200;0.840893082793564
www.test1.com;test article 59;1593043200;0.0546843966214052
www.test2.com;test articel 60;1593043200;0.644877215874528
www.test3.com;test article 61;1593216000;0.65441579999029
www.test1.com;test article 60;1593302400;0.210578360592185
www.test2.com;test articel 61;1593302400;0.301365749746892
www.test3.com;test article 62;1593388800;0.0335795100927989
www.test1.com;test article 61;1593561600;0.990027975374819
www.test2.com;test articel 62;1593561600;0.867925171152749
www.test3.com;test article 63;1593648000;0.282917760280448
www.test1.com;test article 62;1593648000;0.826378311054922
www.test2.com;test articel 63;1593648000;0.598750510621641
www.test3.com;test article 64;1593734400;0.704927079724905
www.test1.com;test article 63;1593820800;0.843622960680973
www.test2.com;test articel 64;1593907200;0.835844976918454
www.test3.com;test article 65;1593993600;0.563028832565876
www.test1.com;test article 64;1594252800;0.668394849092514
www.test2.com;test articel 65;1594252800;0.252336234692488
www.test3.com;test article 66;1594252800;0.142351434451475
www.test1.com;test article 65;1594425600;0.22621293669794
www.test2.com;test articel 66;1594425600;0.404868501843604
www.test3.com;test article 67;1594512000;0.855493394894019
www.test1.com;test article 66;1594598400;0.111169090465339
www.test2.com;test articel 67;1594684800;0.0242876464119073
www.test3.com;test article 68;1594771200;0.958450944517712
www.test1.com;test article 67;1594771200;0.23345118663306
www.test2.com;test articel 68;1594857600;0.75092728272469
www.test3.com;test article 69;1594857600;0.653822874275467
www.test1.com;test article 68;1594857600;0.10028996900879
www.test2.com;test articel 69;1595376000;0.949228724247586
www.test3.com;test article 70;1595376000;0.972758207552489
www.test1.com;test article 69;1595462400;0.22658667055967
www.test2.com;test articel 70;1595894400;0.482345593289041
www.test3.com;test article 71;1595894400;0.0116217762269542
www.test1.com;test article 70;1595980800;0.375611092147487
www.test2.com;test articel 71;1596067200;0.38884031134284
www.test3.com;test article 72;1596240000;0.986993252385491
www.test1.com;test article 71;1596326400;0.430267617210855
www.test2.com;test articel 72;1596326400;0.37403276573312
www.test3.com;test article 73;1596412800;0.263702571503298
www.test1.com;test article 72;1596499200;0.0479540994627045
www.test2.com;test articel 73;1596499200;0.0276048301182749
www.test3.com;test article 74;1596585600;0.209579128997818
www.test1.com;test article 73;1596672000;0.947771709334675
www.test2.com;test articel 74;1596672000;0.671423694748079
www.test3.com;test article 75;1596844800;0.646197166458348
www.test1.com;test article 74;1597017600;0.435313600919942
www.test2.com;test articel 75;1597017600;0.429422444607256
www.test3.com;test article 76;1597190400;0.94135652331111
www.test1.com;test article 75;1597190400;0.244847481246371
www.test2.com;test articel 76;1597190400;0.40762161787389
www.test3.com;test article 77;1597276800;0.52010202531547
www.test1.com;test article 76;1597276800;0.45234778561595
www.test2.com;test articel 77;1597363200;0.975970581854505
www.test3.com;test article 78;1597622400;0.518666977630944
www.test1.com;test article 77;1597622400;0.675217394665154
www.test2.com;test articel 78;1597881600;0.594080786860977
www.test3.com;test article 79;1597881600;0.50530833108617
www.test1.com;test article 78;1597881600;0.229554376685023
www.test2.com;test articel 79;1598227200;0.331511519458125
www.test3.com;test article 80;1598227200;0.826538312972965
www.test1.com;test article 79;1598313600;0.119411540239846
www.test2.com;test articel 80;1598313600;0.449753540010107
www.test3.com;test article 81;1598400000;0.244729289881379
www.test1.com;test article 80;1598572800;0.891290452739692
www.test2.com;test articel 81;1598572800;0.948643339909348
www.test3.com;test article 82;1598659200;0.540003399668678
www.test1.com;test article 81;1598659200;0.144564399236459
www.test2.com;test articel 82;1598659200;0.0332823890874501
www.test3.com;test article 83;1598745600;0.146073168827326
www.test1.com;test article 82;1598918400;0.978919887536124
www.test2.com;test articel 83;1598918400;0.859091836614382
www.test3.com;test article 84;1599004800;0.535506170971303
www.test1.com;test article 83;1599004800;0.666298129609215
www.test2.com;test articel 84;1599004800;0.624248284421383
www.test3.com;test article 85;1599177600;0.744540358167338
www.test1.com;test article 84;1599177600;0.608143620258995
www.test2.com;test articel 85;1599177600;0.11805344109411
www.test3.com;test article 86;1599264000;0.849023117665894
www.test1.com;test article 85;1599350400;0.229114413950328
www.test2.com;test articel 86;1599436800;0.740620851771877
www.test3.com;test article 87;1599523200;0.370547496774519
www.test1.com;test article 86;1599523200;0.330626904364075
www.test2.com;test articel 87;1599609600;0.317028185942982
www.test3.com;test article 88;1599609600;0.928180931126323
www.test1.com;test article 87;1599609600;0.66304344092604
www.test2.com;test articel 88;1599782400;0.978192728008992
www.test3.com;test article 89;1599955200;0.0239160970102085
www.test1.com;test article 88;1600041600;0.789846917191773
www.test2.com;test articel 89;1600128000;0.434150380305375
www.test3.com;test article 90;1600128000;0.471024741007887
www.test1.com;test article 89;1600128000;0.150782740474101
www.test2.com;test articel 90;1600128000;0.762453679346636
www.test3.com;test article 91;1600214400;0.367035750929873
www.test1.com;test article 90;1600300800;0.454239456360076
www.test2.com;test articel 91;1600387200;0.160459578804361
www.test3.com;test article 92;1600560000;0.592817870444292
www.test1.com;test article 91;1600646400;0.854752951834414
www.test2.com;test articel 92;1600646400;0.860837501319141
www.test3.com;test article 93;1600732800;0.467698567716042
www.test1.com;test article 92;1600819200;0.386476713918688
www.test2.com;test articel 93;1600905600;0.964800113999413
www.test3.com;test article 94;1600992000;0.954713502231145
www.test1.com;test article 93;1600992000;0.322661226924719
www.test2.com;test articel 94;1600992000;0.311793763857669
www.test3.com;test article 95;1601078400;0.389154576664963
www.test1.com;test article 94;1601164800;0.86123878146936
www.test2.com;test articel 95;1601251200;0.864194110916278
www.test3.com;test article 96;1601251200;0.48535825177695
www.test1.com;test article 95;1601337600;0.857478097726089
www.test2.com;test articel 96;1601337600;0.494374237476941
www.test3.com;test article 97;1601337600;0.280690461178729
www.test1.com;test article 96;1601424000;0.224079767649611
www.test2.com;test articel 97;1601510400;0.247878185121826
www.test3.com;test article 98;1601596800;0.50243667125163
www.test1.com;test article 97;1601683200;0.745206391636137
www.test2.com;test articel 98;1601769600;0.0086933448614841
www.test3.com;test article 99;1601856000;0.752083195902342
www.test1.com;test article 98;1602028800;0.179876336122878
www.test2.com;test articel 99;1602115200;0.351063488343848
www.test3.com;test article 100;1602201600;0.723878011076118
www.test1.com;test article 99;1602201600;0.892163348547903
www.test2.com;test articel 100;1602374400;0.381193945628413
www.test3.com;test article 101;1602547200;0.00587976011786473
www.test1.com;test article 100;1602720000;0.247540209939382
www.test2.com;test articel 101;1602720000;0.580446055974602
www.test3.com;test article 102;1602892800;0.121606301454919
www.test1.com;test article 101;1603238400;0.990646329714898
www.test2.com;test articel 102;1603238400;0.450475012698043
www.test3.com;test article 103;1603324800;0.690096847927456
www.test1.com;test article 102;1603497600;0.850792387357416
www.test2.com;test articel 103;1603670400;0.165130944902345
www.test3.com;test article 104;1603756800;0.337015755960625
www.test1.com;test article 103;1603756800;0.642169357949386
www.test2.com;test articel 104;1603843200;0.262565737536513
www.test3.com;test article 105;1603929600;0.334114085990825
www.test1.com;test article 104;1604016000;0.760149515927096
www.test2.com;test articel 105;1604016000;0.133708244341282
www.test3.com;test article 106;1604016000;0.382123572810556
www.test1.com;test article 105;1604188800;0.596179004686907
www.test2.com;test articel 106;1604188800;0.727717385478054
www.test3.com;test article 107;1604275200;0.155000801216473
www.test1.com;test article 106;1604275200;0.305309846158497
www.test2.com;test articel 107;1604361600;0.532207447695698
www.test3.com;test article 108;1604448000;0.183753783675848
www.test1.com;test article 107;1604448000;0.837564988987277
www.test2.com;test articel 108;1604534400;0.613055192465464
www.test3.com;test article 109;1604620800;0.411250581051842
www.test1.com;test article 108;1604707200;0.725131871842372
www.test2.com;test articel 109;1604707200;0.701486793710624
www.test3.com;test article 110;1604793600;0.171413652655969
www.test1.com;test article 109;1604793600;0.441792993642434
www.test2.com;test articel 110;1604793600;0.0034381123129883
www.test3.com;test article 111;1604880000;0.189471069246714
www.test1.com;test article 110;1604966400;0.647511255955787
www.test2.com;test articel 111;1604966400;0.273672082597784
www.test3.com;test article 112;1605139200;0.47416206582592
www.test1.com;test article 111;1605139200;0.13522894586808
www.test2.com;test articel 112;1605225600;0.883436793788593
www.test3.com;test article 113;1605398400;0.9029521250384
www.test1.com;test article 112;1605398400;0.983844011787532
www.test2.com;test articel 113;1605484800;0.269734660193591
www.test3.com;test article 114;1605571200;0.72460820156082
www.test1.com;test article 113;1605571200;0.179978894516417
www.test2.com;test articel 114;1605657600;0.102815581617819
www.test3.com;test article 115;1605657600;0.318949024349427
www.test1.com;test article 114;1605830400;0.116681973161153
www.test2.com;test articel 115;1605830400;0.202367052502636
www.test3.com;test article 116;1605916800;0.733559575266726
www.test1.com;test article 115;1605916800;0.626945327651606
www.test2.com;test articel 116;1605916800;0.787069211511369
www.test3.com;test article 117;1606089600;0.0467290282468217
www.test1.com;test article 116;1606089600;0.734991313679717
www.test2.com;test articel 117;1606176000;0.698806387948983
www.test3.com;test article 118;1606262400;0.478084844561926
www.test1.com;test article 117;1606348800;0.0057666623997461
www.test2.com;test articel 118;1606435200;0.641655854405187
www.test3.com;test article 119;1606521600;0.764101876486391
www.test1.com;test article 118;1606780800;0.667500387613189
www.test2.com;test articel 119;1607126400;0.832472211998445
www.test3.com;test article 120;1607299200;0.153633882808405
www.test1.com;test article 119;1607385600;0.899343516253514
www.test2.com;test articel 120;1607472000;0.0331036407851201
www.test3.com;test article 121;1607731200;0.552813695567497
www.test1.com;test article 120;1607990400;0.475321036247128
www.test2.com;test articel 121;1608076800;0.530097622844366
www.test3.com;test article 122;1608076800;0.967317109961929
www.test1.com;test article 121;1608249600;0.981352439834785
www.test2.com;test articel 122;1608249600;0.611732143581618
www.test3.com;test article 123;1608336000;0.796548787462397
www.test1.com;test article 122;1608422400;0.516802127913062
www.test2.com;test articel 123;1608508800;0.392658583091235
www.test3.com;test article 124;1608940800;0.942863667757423
www.test1.com;test article 123;1608940800;0.298079071079561
www.test2.com;test articel 124;1609027200;0.93416703074095
www.test3.com;test article 125;1609113600;0.317504022965701
www.test1.com;test article 124;1609113600;0.0855455836693643
www.test2.com;test articel 125;1609200000;0.181342886001286
www.test3.com;test article 126;1609459200;0.221090629818462
www.test1.com;test article 125;1609459200;0.257846723535228
www.test2.com;test articel 126;1609459200;0.931873744390633
www.test3.com;test article 127;1609545600;0.715304597908682
www.test1.com;test article 126;1609718400;0.710764767898583
www.test2.com;test articel 127;1609804800;0.711603248002647
www.test3.com;test article 128;1609804800;0.363011579639035
www.test1.com;test article 127;1610064000;0.0914581643200515
www.test2.com;test articel 128;1610064000;0.242309790184911
www.test3.com;test article 129;1610064000;0.959710254733165
www.test1.com;test article 128;1610323200;0.481562907794882
www.test2.com;test articel 129;1610409600;0.670212671510474
www.test3.com;test article 130;1610409600;0.32234082852406
www.test1.com;test article 129;1610409600;0.987176726998963
www.test2.com;test articel 130;1610409600;0.122429125438835
www.test3.com;test article 131;1610496000;0.0994720114438962
www.test1.com;test article 130;1610582400;0.252455293557877
www.test2.com;test articel 131;1610582400;0.863233845048198
www.test3.com;test article 132;1610582400;0.515124472175795
www.test1.com;test article 131;1610755200;0.00998211412922823
www.test2.com;test articel 132;1610841600;0.458581083742725
www.test3.com;test article 133;1610841600;0.0828183401735501
www.test1.com;test article 132;1610841600;0.72047460079727
www.test2.com;test articel 133;1610928000;0.503743901876984
www.test3.com;test article 134;1611273600;0.344865484153549
www.test1.com;test article 133;1611446400;0.632916950926609
www.test2.com;test articel 134;1611532800;0.662207139374766
www.test3.com;test article 135;1611532800;0.0571245313720571
www.test1.com;test article 134;1611532800;0.770237230352491
www.test2.com;test articel 135;1611532800;0.503327786942491
www.test3.com;test article 136;1611619200;0.598723456009364
www.test1.com;test article 135;1611705600;0.175148973491483
www.test2.com;test articel 136;1611705600;0.0193202845871095
www.test3.com;test article 137;1611878400;0.280614185861318
www.test1.com;test article 136;1611878400;0.176554958359778
www.test2.com;test articel 137;1611964800;0.924231064124794
www.test3.com;test article 138;1611964800;0.679273469732604
www.test1.com;test article 137;1611964800;0.243812500065169
www.test2.com;test articel 138;1612137600;0.998769876218042
www.test3.com;test article 139;1612137600;0.774582829192266
www.test1.com;test article 138;1612224000;0.553601678573316
www.test2.com;test articel 139;1612224000;0.198155646317294
www.test3.com;test article 140;1612396800;0.0709987520352681
www.test1.com;test article 139;1612569600;0.740390730445701
www.test2.com;test articel 140;1612569600;0.839289628769749
www.test3.com;test article 141;1612915200;0.724315283630209
www.test1.com;test article 140;1613001600;0.298156604489815
www.test2.com;test articel 141;1613347200;0.846731219196015
www.test3.com;test article 142;1613520000;0.958542403428989
www.test1.com;test article 141;1613606400;0.246694846250877
www.test2.com;test articel 142;1613865600;0.620628331208204
www.test3.com;test article 143;1613865600;0.336858098845145
www.test1.com;test article 142;1614038400;0.334568604894062
www.test2.com;test articel 143;1614211200;0.511597212623116
www.test3.com;test article 144;1614297600;0.0723878584860638
www.test1.com;test article 143;1614384000;0.984141673406103
www.test2.com;test articel 144;1614470400;0.643056346161578
www.test3.com;test article 145;1614556800;0.779757542894099
www.test1.com;test article 144;1614643200;0.776702648980559
www.test2.com;test articel 145;1614729600;0.7654854945256
www.test3.com;test article 146;1614902400;0.12677950740619
www.test1.com;test article 145;1614988800;0.108653646365934
www.test2.com;test articel 146;1615075200;0.533311044083077
www.test3.com;test article 147;1615075200;0.745263644335222
www.test1.com;test article 146;1615161600;0.614072919003122
www.test2.com;test articel 147;1615161600;0.843044420402491
www.test3.com;test article 148;1615334400;0.889778949836616
www.test1.com;test article 147;1615420800;0.911421760121169
www.test2.com;test articel 148;1615507200;0.0898984269254794
www.test3.com;test article 149;1615507200;0.681905535942231
www.test1.com;test article 148;1615766400;0.0494844789828672
www.test2.com;test articel 149;1616025600;0.256337507207754
www.test3.com;test article 150;1616112000;0.443814214728587
www.test1.com;test article 149;1616198400;0.0268645426644744
www.test2.com;test articel 150;1616198400;0.693158839319432
www.test3.com;test article 151;1616198400;0.924189560678737
www.test1.com;test article 150;1616284800;0.381858545883614
www.test2.com;test articel 151;1616284800;0.61903649513857
www.test3.com;test article 152;1616544000;0.553032257432557
www.test1.com;test article 151;1616544000;0.123880547454241
www.test2.com;test articel 152;1616544000;0.623390697357617
www.test3.com;test article 153;1616544000;0.688508728427743
www.test1.com;test article 152;1617062400;0.780316844945546
www.test2.com;test articel 153;1617148800;0.715288516952583
www.test3.com;test article 154;1617148800;0.592470950304384
www.test1.com;test article 153;1617235200;0.363090924975858
www.test2.com;test articel 154;1617321600;0.38258298786925
www.test3.com;test article 155;1617321600;0.850658471547885
www.test1.com;test article 154;1617753600;0.949001970620551
www.test2.com;test articel 155;1617840000;0.572245539710719
www.test3.com;test article 156;1617840000;0.0115432391026662
www.test1.com;test article 155;1618012800;0.782447751888453
www.test2.com;test articel 156;1618012800;0.68062495892756
www.test3.com;test article 157;1618012800;0.342250017086367
www.test1.com;test article 156;1618099200;0.495624447274217
www.test2.com;test articel 157;1618099200;0.193426281118742
www.test3.com;test article 158;1618185600;0.420059043470258
www.test1.com;test article 157;1618358400;0.795279103152906
www.test2.com;test articel 158;1618358400;0.891293080032256
www.test3.com;test article 159;1618358400;0.7310060214157
www.test1.com;test article 158;1618444800;0.611424272079106
www.test2.com;test articel 159;1618531200;0.981220417098172
www.test3.com;test article 160;1618531200;0.628201792623597
www.test1.com;test article 159;1618617600;0.864768785484111
www.test2.com;test articel 160;1618790400;0.0920862828646771
www.test3.com;test article 161;1618790400;0.146389417678337
www.test1.com;test article 160;1619049600;0.0872844189780037
www.test2.com;test articel 161;1619049600;0.352993123212122
www.test3.com;test article 162;1619136000;0.57660910158055
www.test1.com;test article 161;1619222400;0.463358155156632
www.test2.com;test articel 162;1619481600;0.766811668778913
www.test3.com;test article 163;1619481600;0.179761352282649
www.test1.com;test article 162;1619568000;0.820476993229518
www.test2.com;test articel 163;1619568000;0.00933570078817259
www.test3.com;test article 164;1619654400;0.885017972470997
www.test1.com;test article 163;1619740800;0.449458758955379
www.test2.com;test articel 164;1619740800;0.73913813744026
www.test3.com;test article 165;1619827200;0.0611608411947366
www.test1.com;test article 164;1620000000;0.20594937695542
www.test2.com;test articel 165;1620259200;0.589549793771145
www.test3.com;test article 166;1620345600;0.928360272145708
www.test1.com;test article 165;1620518400;0.551840169287259
www.test2.com;test articel 166;1620518400;0.218992620636401
www.test3.com;test article 167;1620691200;0.726415020969753
www.test1.com;test article 166;1620777600;0.336483246199826
www.test2.com;test articel 167;1620950400;0.594706868313592
www.test3.com;test article 168;1621036800;0.406487635999853
www.test1.com;test article 167;1621036800;0.0934219879586118
www.test2.com;test articel 168;1621036800;0.959663102915077
www.test3.com;test article 169;1621123200;0.431498885683618
www.test1.com;test article 168;1621123200;0.547784959806475
www.test2.com;test articel 169;1621123200;0.873499335510195
www.test3.com;test article 170;1621209600;0.468013187201583
www.test1.com;test article 169;1621382400;0.639755770378534
www.test2.com;test articel 170;1621382400;0.0816383598163083
www.test3.com;test article 171;1621555200;0.472620885596712
www.test1.com;test article 170;1621641600;0.340315164179229
www.test2.com;test articel 171;1621728000;0.603028351092598
www.test3.com;test article 172;1621814400;0.319669040770829
www.test1.com;test article 171;1621814400;0.114735221956817
www.test2.com;test articel 172;1621814400;0.865689896760911
www.test3.com;test article 173;1621900800;0.125954674253665
www.test1.com;test article 172;1621987200;0.755951812560906
www.test2.com;test articel 173;1622160000;0.95780321701842
www.test3.com;test article 174;1622160000;0.234744371255378
www.test1.com;test article 173;1622246400;0.11936860777483
www.test2.com;test articel 174;1622332800;0.24842729000814
www.test3.com;test article 175;1622332800;0.380356809116456
www.test1.com;test article 174;1622419200;0.111143409232734
www.test2.com;test articel 175;1622419200;0.63059340769327
www.test3.com;test article 176;1622505600;0.889916992968068
www.test1.com;test article 175;1622678400;0.55947413271406
www.test2.com;test articel 176;1622678400;0.845013170801854
www.test3.com;test article 177;1622937600;0.153128470007185
www.test1.com;test article 176;1623024000;0.451116452144465
www.test2.com;test articel 177;1623110400;0.954439191257872
www.test3.com;test article 178;1623110400;0.458340447007279
www.test1.com;test article 177;1623283200;0.0640669065787435
www.test2.com;test articel 178;1623283200;0.239126915047524
www.test3.com;test article 179;1623283200;0.0357462404342409
www.test1.com;test article 178;1623369600;0.892898132024992
www.test2.com;test articel 179;1623542400;0.193242442474777
www.test3.com;test article 180;1623628800;0.703540499724979
www.test1.com;test article 179;1623628800;0.217663930363906
www.test2.com;test articel 180;1623715200;0.934729304030242
www.test3.com;test article 181;1623888000;0.691643765468091
www.test1.com;test article 180;1623888000;0.274516202416177
www.test2.com;test articel 181;1623888000;0.0900382853171815
www.test3.com;test article 182;1623974400;0.929972849997534
www.test1.com;test article 181;1624060800;0.846823274582838
www.test2.com;test articel 182;1624060800;0.315263613391732
www.test3.com;test article 183;1624233600;0.426282975317097
www.test1.com;test article 182;1624233600;0.246757947756595
www.test2.com;test articel 183;1624492800;0.729469323229037
www.test3.com;test article 184;1624665600;0.52787951061435
www.test1.com;test article 183;1624752000;0.990607857556442
www.test2.com;test articel 184;1624924800;0.981490215845892
www.test3.com;test article 185;1625011200;0.610656149817423
www.test1.com;test article 184;1625011200;0.40935389378485
www.test2.com;test articel 185;1625011200;0.116258220200249
www.test3.com;test article 186;1625097600;0.482502173401339
www.test1.com;test article 185;1625097600;0.35955106371882
www.test2.com;test articel 186;1625097600;0.402984425925051
www.test3.com;test article 187;1625097600;0.309170201198662
www.test1.com;test article 186;1625097600;0.0256480351377397
www.test2.com;test articel 187;1625097600;0.537214138974861
www.test3.com;test article 188;1625184000;0.730025832131837
www.test1.com;test article 187;1625270400;0.388905021178728
www.test2.com;test articel 188;1625443200;0.58556637044628
www.test3.com;test article 189;1625443200;0.168816024964267
www.test1.com;test article 188;1625616000;0.0848761301679278
www.test2.com;test articel 189;1625702400;0.0113329674148165
www.test3.com;test article 190;1625702400;0.657054435078958
www.test1.com;test article 189;1625702400;0.980291667293126
www.test2.com;test articel 190;1625702400;0.987857310888948
www.test3.com;test article 191;1625875200;0.000408721801233414
www.test1.com;test article 190;1625875200;0.870601322245021
www.test2.com;test articel 191;1625875200;0.608263321844517
www.test3.com;test article 192;1625961600;0.467267693357029
www.test1.com;test article 191;1625961600;0.149246491358085
www.test2.com;test articel 192;1626048000;0.839752081037894
www.test3.com;test article 193;1626307200;0.0525055656878709
www.test1.com;test article 192;1626307200;0.785213574483431
www.test2.com;test articel 193;1626393600;0.711242707233632
www.test3.com;test article 194;1626393600;0.791036207186619
www.test1.com;test article 193;1626480000;0.170481385964044
www.test2.com;test articel 194;1626652800;0.934704611944545
www.test3.com;test article 195;1626912000;0.329665969960162
www.test1.com;test article 194;1626998400;0.0245176337485388
www.test2.com;test articel 195;1627084800;0.309124116566176
www.test3.com;test article 196;1627084800;0.233263932562845
www.test1.com;test article 195;1627084800;0.721501652625144
www.test2.com;test articel 196;1627171200;0.453950060539004
www.test3.com;test article 197;1627171200;0.0738034991762739
www.test1.com;test article 196;1627257600;0.851687421896812
www.test2.com;test articel 197;1627689600;0.540721361648701
www.test3.com;test article 198;1627776000;0.377405533969791
www.test1.com;test article 197;1627776000;0.559190848063218
www.test2.com;test articel 198;1627862400;0.0221017237485885
www.test3.com;test article 199;1627862400;0.298186420042113
www.test1.com;test article 198;1628208000;0.885000447791117
www.test2.com;test articel 199;1628208000;0.978357886928371
www.test3.com;test article 200;1628380800;0.0440813251366655
www.test1.com;test article 199;1628380800;0.839667979673607
www.test2.com;test articel 200;1628380800;0.38856367910897
www.test3.com;test article 201;1628553600;0.589888285238778
www.test1.com;test article 200;1628640000;0.134439991245417
www.test2.com;test articel 201;1628640000;0.846658944517618
www.test3.com;test article 202;1628726400;0.930970575255154
www.test1.com;test article 201;1628812800;0.328532565022013
www.test2.com;test articel 202;1628899200;0.913261720324706
www.test3.com;test article 203;1629072000;0.502637880755486
www.test1.com;test article 202;1629417600;0.963115199596635
www.test2.com;test articel 203;1629763200;0.823948252977392
www.test3.com;test article 204;1629763200;0.546882702854757
www.test1.com;test article 203;1629849600;0.267465496977218
www.test2.com;test articel 204;1629936000;0.457110013656118
www.test3.com;test article 205;1629936000;0.901610085960858
www.test1.com;test article 204;1629936000;0.978955441607874
www.test2.com;test articel 205;1630022400;0.604776769246396
www.test3.com;test article 206;1630108800;0.820343876910138
www.test1.com;test article 205;1630108800;0.615810389216566
www.test2.com;test articel 206;1630281600;0.0921884616010293
www.test3.com;test article 207;1630454400;0.248412611010225
www.test1.com;test article 206;1630627200;0.140638875940458
www.test2.com;test articel 207;1630713600;0.0965985821910209
www.test3.com;test article 208;1630886400;0.00322982266401572
www.test1.com;test article 207;1631059200;0.891048700993336
www.test2.com;test articel 208;1631059200;0.808068451851616
www.test3.com;test article 209;1631318400;0.925733490832902
www.test1.com;test article 208;1631491200;0.0153804989136896
www.test2.com;test articel 209;1631750400;0.956945214823488
www.test3.com;test article 210;1631750400;0.430756568439002
www.test1.com;test article 209;1631750400;0.699063922735134
www.test2.com;test articel 210;1631836800;0.596512021790323
www.test3.com;test article 211;1631923200;0.910575704574573
www.test1.com;test article 210;1631923200;0.281822205150546
www.test2.com;test articel 211;1632009600;0.59940252234493
www.test3.com;test article 212;1632009600;0.714261676680291
www.test1.com;test article 211;1632009600;0.565393482586988
www.test2.com;test articel 212;1632182400;0.351025447110139
www.test3.com;test article 213;1632182400;0.246900810808282
www.test1.com;test article 212;1632355200;0.0282948725120551
www.test2.com;test articel 213;1632700800;0.215298768979936
www.test3.com;test article 214;1632700800;0.954335785389447
www.test1.com;test article 213;1632873600;0.538495912182246
www.test2.com;test articel 214;1632873600;0.0109351409770769
www.test3.com;test article 215;1632960000;0.165382282834729
www.test1.com;test article 214;1633132800;0.246030611202584
www.test2.com;test articel 215;1633132800;0.347193512743259
www.test3.com;test article 216;1633132800;0.4747853633482
www.test1.com;test article 215;1633392000;0.409552242317521
www.test2.com;test articel 216;1633737600;0.034901681760686
www.test3.com;test article 217;1633737600;0.0499576326101535
www.test1.com;test article 216;1633824000;0.51359982130829
www.test2.com;test articel 217;1633910400;0.663826116303654
www.test3.com;test article 218;1634342400;0.465406853634618
www.test1.com;test article 217;1634342400;0.243786390284909
www.test2.com;test articel 218;1634515200;0.51103478828233
www.test3.com;test article 219;1634515200;0.509044724650178
www.test1.com;test article 218;1634601600;0.55981541952151
www.test2.com;test articel 219;1634688000;0.920124137797337
www.test3.com;test article 220;1634688000;0.766495368422208
www.test1.com;test article 219;1634774400;0.739542198311811
www.test2.com;test articel 220;1634860800;0.783564130463823
www.test3.com;test article 221;1634860800;0.049386293707693
www.test1.com;test article 220;1635033600;0.653692201352263
www.test2.com;test articel 221;1635033600;0.615852504983287
www.test3.com;test article 222;1635120000;0.0772239606222207
www.test1.com;test article 221;1635120000;0.15300739798136
www.test2.com;test articel 222;1635206400;0.28591257349345
www.test3.com;test article 223;1635379200;0.562794897896021
www.test1.com;test article 222;1635552000;0.737266956944826
www.test2.com;test articel 223;1635552000;0.63510738335261
www.test3.com;test article 224;1635638400;0.494343860056597
www.test1.com;test article 223;1635724800;0.655871808376681
www.test2.com;test articel 224;1635724800;0.135778574125501
www.test3.com;test article 225;1635897600;0.656136344320307
www.test1.com;test article 224;1635984000;0.551708098135995
www.test2.com;test articel 225;1636070400;0.771838878731116
www.test3.com;test article 226;1636070400;0.897075614298154
www.test1.com;test article 225;1636156800;0.516558345128234
www.test2.com;test articel 226;1636243200;0.985569561978415
www.test3.com;test article 227;1636243200;0.576881324433531
www.test1.com;test article 226;1636243200;0.363939511585002
www.test2.com;test articel 227;1636329600;0.392601533917563
www.test3.com;test article 228;1636329600;0.285405827252504
www.test1.com;test article 227;1636329600;0.231894081842013
www.test2.com;test articel 228;1636329600;0.897763893600144
www.test3.com;test article 229;1636416000;0.843505005937409
www.test1.com;test article 228;1636416000;0.203624192663913
www.test2.com;test articel 229;1636416000;0.362071117484572
www.test3.com;test article 230;1636502400;0.573395126058033
www.test1.com;test article 229;1636675200;0.569817880718512
www.test2.com;test articel 230;1636675200;0.606269293271364
www.test3.com;test article 231;1636848000;0.612423013321344
www.test1.com;test article 230;1636934400;0.329627317438827
www.test2.com;test articel 231;1636934400;0.180078104566423
www.test3.com;test article 232;1637107200;0.643740468128627
www.test1.com;test article 231;1637107200;0.156981426729105
www.test2.com;test articel 232;1637280000;0.752782248039923
www.test3.com;test article 233;1637280000;0.182991490530174
www.test1.com;test article 232;1637280000;0.335066379412413
www.test2.com;test articel 233;1637366400;0.516649863733172
www.test3.com;test article 234;1637539200;0.849312450508019
www.test1.com;test article 233;1637539200;0.928657483642498
www.test2.com;test articel 234;1637625600;0.903603276419646
www.test3.com;test article 235;1637712000;0.840622116393055
www.test1.com;test article 234;1637798400;0.466244552552548
www.test2.com;test articel 235;1637971200;0.509933467052665
www.test3.com;test article 236;1637971200;0.576269812847455
www.test1.com;test article 235;1638057600;0.619724888168102
www.test2.com;test articel 236;1638144000;0.630410311011001
www.test3.com;test article 237;1638230400;0.753116093338217
www.test1.com;test article 236;1638316800;0.683552444390982
www.test2.com;test articel 237;1638403200;0.702633848006494
www.test3.com;test article 238;1638403200;0.516699924749372
www.test1.com;test article 237;1638489600;0.061240919106617
www.test2.com;test articel 238;1638576000;0.168784723516368
www.test3.com;test article 239;1638748800;0.597255017303051
www.test1.com;test article 238;1639008000;0.903596454589188
www.test2.com;test articel 239;1639180800;0.22833259398519
www.test3.com;test article 240;1639180800;0.158943810310861
www.test1.com;test article 239;1639267200;0.67651708709314
www.test2.com;test articel 240;1639267200;0.47574218284093
www.test3.com;test article 241;1639267200;0.329077626534081
www.test1.com;test article 240;1639267200;0.33310751901001
www.test2.com;test articel 241;1639267200;0.510367550390993
www.test3.com;test article 242;1639353600;0.205815396064174
www.test1.com;test article 241;1639440000;0.52817857204338
www.test2.com;test articel 242;1639699200;0.0748696661467741
www.test3.com;test article 243;1639785600;0.493780120421376
www.test1.com;test article 242;1639785600;0.644679531135946
www.test2.com;test articel 243;1639872000;0.202408939443323
www.test3.com;test article 244;1639872000;0.978637779974059
www.test1.com;test article 243;1640044800;0.0488621952880496
www.test2.com;test articel 244;1640044800;0.580295215991364
www.test3.com;test article 245;1640304000;0.411359083217204
www.test1.com;test article 244;1640649600;0.997772786453484
www.test2.com;test articel 245;1640649600;0.233630302409237
www.test3.com;test article 246;1640736000;0.665851758776246
www.test1.com;test article 245;1640995200;0.392023905618393
www.test2.com;test articel 246;1641168000;0.787644797495408
www.test3.com;test article 247;1641168000;0.581997135249176
www.test1.com;test article 246;1641254400;0.736461905633043
www.test2.com;test articel 247;1641340800;0.383016922412563
www.test3.com;test article 248;1641340800;0.0075100921124267
www.test1.com;test article 247;1641340800;0.739151890196806
www.test2.com;test articel 248;1641686400;0.863098263146272
www.test3.com;test article 249;1641772800;0.915307243096907
www.test1.com;test article 248;1641859200;0.847892964065724
www.test2.com;test articel 249;1641945600;0.224298829794841
www.test3.com;test article 250;1641945600;0.993334432298828
www.test1.com;test article 249;1642032000;0.431562208133943
www.test2.com;test articel 250;1642032000;0.0755200698338986
www.test3.com;test article 251;1642118400;0.215277937969965
www.test1.com;test article 250;1642204800;0.23286907109678
www.test2.com;test articel 251;1642377600;0.444135467705558
www.test3.com;test article 252;1642464000;0.586385555559318
www.test1.com;test article 251;1642464000;0.146146979151039
www.test2.com;test articel 252;1642464000;0.390825602211573
www.test3.com;test article 253;1642636800;0.795545200363404
www.test1.com;test article 252;1642809600;0.140662929676971
www.test2.com;test articel 253;1642896000;0.769927105458004
www.test3.com;test article 254;1642896000;0.636961508290625
www.test1.com;test article 253;1642982400;0.941569229338603
www.test2.com;test articel 254;1642982400;0.279523494195407
www.test3.com;test article 255;1642982400;0.625408092038428
www.test1.com;test article 254;1643068800;0.529557627927364
www.test2.com;test articel 255;1643068800;0.774098219581122
www.test3.com;test article 256;1643155200;0.488978795040394
www.test1.com;test article 255;1643328000;0.17756859206831
www.test2.com;test articel 256;1643500800;0.206737903700347
www.test3.com;test article 257;1643500800;0.927192667501763
www.test1.com;test article 256;1643587200;0.175844909484202
www.test2.com;test articel 257;1643932800;0.476951024220969
www.test3.com;test article 258;1643932800;0.523691712602701
www.test1.com;test article 257;1644192000;0.710086850385046
www.test2.com;test articel 258;1644364800;0.539551551778912
www.test3.com;test article 259;1644451200;0.524406923304548
www.test1.com;test article 258;1644537600;0.582599648194454
www.test2.com;test articel 259;1644537600;0.883973256622738
www.test3.com;test article 260;1644537600;0.250165427350807
www.test1.com;test article 259;1644624000;0.763881026596974
www.test2.com;test articel 260;1645142400;0.55748419239222
www.test3.com;test article 261;1645142400;0.186979470114821
www.test1.com;test article 260;1645142400;0.7078427896467
www.test2.com;test articel 261;1645142400;0.933815383857831
www.test3.com;test article 262;1645228800;0.421285459870992
www.test1.com;test article 261;1645315200;0.832067041468916
www.test2.com;test articel 262;1645488000;0.333377580306117
www.test3.com;test article 263;1645660800;0.739639845279039
www.test1.com;test article 262;1645660800;0.783974732376183
www.test2.com;test articel 263;1645747200;0.834477185102204
www.test3.com;test article 264;1645747200;0.32537116769959
www.test1.com;test article 263;1645747200;0.808059457801822
www.test2.com;test articel 264;1646092800;0.352695918719084
www.test3.com;test article 265;1646179200;0.0153046424485354
www.test1.com;test article 264;1646179200;0.728993999432537
www.test2.com;test articel 265;1646265600;0.874184926520743
www.test3.com;test article 266;1646265600;0.636340114662465
www.test1.com;test article 265;1646265600;0.181538909673997
www.test2.com;test articel 266;1646438400;0.618653597304664
www.test3.com;test article 267;1646611200;0.849202797199731
www.test1.com;test article 266;1646784000;0.0577024109201877
www.test2.com;test articel 267;1646956800;0.333004724449636
www.test3.com;test article 268;1647043200;0.663695174461153
www.test1.com;test article 267;1647216000;0.396509265665813
www.test2.com;test articel 268;1647216000;0.477191192115903
www.test3.com;test article 269;1647216000;0.412394478038633
www.test1.com;test article 268;1647561600;0.24115216880114
www.test2.com;test articel 269;1647561600;0.67629899596432
www.test3.com;test article 270;1647648000;0.14105029640169
www.test1.com;test article 269;1647648000;0.762593532227748
www.test2.com;test articel 270;1647734400;0.0463478730978412
www.test3.com;test article 271;1647820800;0.195073383758181
www.test1.com;test article 270;1647907200;0.0566294730880679
www.test2.com;test articel 271;1647907200;0.588376801968662
www.test3.com;test article 272;1647993600;0.907244665857504
www.test1.com;test article 271;1647993600;0.560779209364837
www.test2.com;test articel 272;1648166400;0.708891855380388
www.test3.com;test article 273;1648252800;0.553502290842491
www.test1.com;test article 272;1648339200;0.767524445981042
www.test2.com;test articel 273;1648425600;0.315992264601443
www.test3.com;test article 274;1648684800;0.388883298353421
www.test1.com;test article 273;1648771200;0.817445013248201
www.test2.com;test articel 274;1648944000;0.198441150426495
www.test3.com;test article 275;1648944000;0.785092356034197
www.test1.com;test article 274;1649030400;0.23412596914753
www.test2.com;test articel 275;1649030400;0.55155453013654
www.test3.com;test article 276;1649116800;0.807482357242285
www.test1.com;test article 275;1649116800;0.473192154004044
www.test2.com;test articel 276;1649203200;0.742842696774276
www.test3.com;test article 277;1649289600;0.780134814495673
www.test1.com;test article 276;1649376000;0.0443462828059537
www.test2.com;test articel 277;1649462400;0.687248797496361
www.test3.com;test article 278;1649808000;0.209674836987352
www.test1.com;test article 277;1649808000;0.357011305976932
www.test2.com;test articel 278;1649894400;0.881299912021832
www.test3.com;test article 279;1650153600;0.976250714021793
www.test1.com;test article 278;1650153600;0.336615287638905
www.test2.com;test articel 279;1650240000;0.126026310014307
www.test3.com;test article 280;1650412800;0.918476751038645
www.test1.com;test article 279;1650412800;0.558314197256897
www.test2.com;test articel 280;1650585600;0.0715678847847409
www.test3.com;test article 281;1650672000;0.862598993379983
www.test1.com;test article 280;1650672000;0.372442310968584
www.test2.com;test articel 281;1650758400;0.52972138346108
www.test3.com;test article 282;1650758400;0.0315895394717747
www.test1.com;test article 281;1650844800;0.379971799043424
www.test2.com;test articel 282;1650931200;0.115441296934331
www.test3.com;test article 283;1651190400;0.214981949684792
www.test1.com;test article 282;1651190400;0.961920160339989
www.test2.com;test articel 283;1651363200;0.433995212156771
www.test3.com;test article 284;1651449600;0.188116069453979
www.test1.com;test article 283;1651708800;0.888675791201463
www.test2.com;test articel 284;1651795200;0.735858481866244
www.test3.com;test article 285;1651795200;0.71375953402714
www.test1.com;test article 284;1651881600;0.453653710278913
www.test2.com;test articel 285;1651881600;0.0388637045870797
www.test3.com;test article 286;1651968000;0.647676965896491
www.test1.com;test article 285;1651968000;0.237726162240924
www.test2.com;test articel 286;1651968000;0.650554197448501
www.test3.com;test article 287;1651968000;0.894723302627166
www.test1.com;test article 286;1652140800;0.189474900853982
www.test2.com;test articel 287;1652140800;0.295823256772791
www.test3.com;test article 288;1652140800;0.73687971819459
www.test1.com;test article 287;1652227200;0.907260168540458
www.test2.com;test articel 288;1652313600;0.498575317884291
www.test3.com;test article 289;1652313600;0.137932350362711
www.test1.com;test article 288;1652486400;0.363971062523227
www.test2.com;test articel 289;1652659200;0.695298075916741
www.test3.com;test article 290;1652659200;0.884328566228613
www.test1.com;test article 289;1652918400;0.513372985515442
www.test2.com;test articel 290;1652918400;0.780639407147333
www.test3.com;test article 291;1653004800;0.159681805504987
www.test1.com;test article 290;1653004800;0.831832806498017
www.test2.com;test articel 291;1653436800;0.145676825304876
www.test3.com;test article 292;1653609600;0.159237364834858
www.test1.com;test article 291;1653609600;0.170550334386555
www.test2.com;test articel 292;1653609600;0.499798468407007
www.test3.com;test article 293;1653868800;0.265577035569241
www.test1.com;test article 292;1653868800;0.636557006571935
www.test2.com;test articel 293;1653955200;0.875413272427474
www.test3.com;test article 294;1653955200;0.574023516969345
www.test1.com;test article 293;1653955200;0.119275292136267
www.test2.com;test articel 294;1654041600;0.828415641033959
www.test3.com;test article 295;1654214400;0.534589218779706
www.test1.com;test article 294;1654214400;0.33019868983092
www.test2.com;test articel 295;1654214400;0.119540840638194
www.test3.com;test article 296;1654300800;0.142926099731614
www.test1.com;test article 295;1654387200;0.66531330053596
www.test2.com;test articel 296;1654646400;0.612692382518322
www.test3.com;test article 297;1654905600;0.118814350710681
www.test1.com;test article 296;1654992000;0.728310786511776
www.test2.com;test articel 297;1654992000;0.423959825695538
www.test3.com;test article 298;1654992000;0.941284540596165
www.test1.com;test article 297;1655251200;0.638116243512597
www.test2.com;test articel 298;1655337600;0.88872049280421
www.test3.com;test article 299;1655596800;0.58679499640314
www.test1.com;test article 298;1655596800;0.20414075559779
www.test2.com;test articel 299;1655683200;0.470424090263169
www.test3.com;test article 300;1655769600;0.0593133939193126
www.test1.com;test article 299;1655769600;0.0792707398381368
www.test2.com;test articel 300;1656028800;0.533969308296037
www.test3.com;test article 301;1656028800;0.334936971275528
www.test1.com;test article 300;1656028800;0.601020350222851
www.test2.com;test articel 301;1656115200;0.417229872867117
www.test3.com;test article 302;1656201600;0.288820006004078
www.test1.com;test article 301;1656460800;0.202813669009065
www.test2.com;test articel 302;1656892800;0.57952795490434
www.test3.com;test article 303;1656892800;0.330642415854031
www.test1.com;test article 302;1656979200;0.0551607590237174
www.test2.com;test articel 303;1656979200;0.948497639496922
www.test3.com;test article 304;1657152000;0.380112144984236
www.test1.com;test article 303;1657152000;0.944627035278803
www.test2.com;test articel 304;1657238400;0.0203727539163381
www.test3.com;test article 305;1657238400;0.945913750996241
www.test1.com;test article 304;1657324800;0.91370399392698
www.test2.com;test articel 305;1657324800;0.217265863312397
www.test3.com;test article 306;1657411200;0.0819546216927842
www.test1.com;test article 305;1657411200;0.300020968736918
www.test2.com;test articel 306;1657497600;0.387551231081665
www.test3.com;test article 307;1657497600;0.333675315964679
www.test1.com;test article 306;1657584000;0.52378242607009
www.test2.com;test articel 307;1657670400;0.486043521541906
www.test3.com;test article 308;1657670400;0.508338345228624
www.test1.com;test article 307;1657756800;0.614485159860626
www.test2.com;test articel 308;1657843200;0.559792498998298
www.test3.com;test article 309;1657929600;0.615927191762115
www.test1.com;test article 308;1658016000;0.840649011498069
www.test2.com;test articel 309;1658188800;0.00826909690474387
www.test3.com;test article 310;1658275200;0.195169323282707
www.test1.com;test article 309;1658361600;0.17755671297098
www.test2.com;test articel 310;1658361600;0.224047076180742
www.test3.com;test article 311;1658361600;0.329100478506838
www.test1.com;test article 310;1658448000;0.208572215163519
www.test2.com;test articel 311;1658448000;0.903791376000148
www.test3.com;test article 312;1658534400;0.509900916637065
www.test1.com;test article 311;1658707200;0.0756711652163293
www.test2.com;test articel 312;1658793600;0.0579534318328766
www.test3.com;test article 313;1658966400;0.436043346368357
www.test1.com;test article 312;1658966400;0.248478882212062
www.test2.com;test articel 313;1659225600;0.097457517530853
www.test3.com;test article 314;1659225600;0.907141561310704
www.test1.com;test article 313;1659312000;0.194629837254394
www.test2.com;test articel 314;1659312000;0.568868064194081
www.test3.com;test article 315;1659484800;0.433570269370237
www.test1.com;test article 314;1659657600;0.210448989957758
www.test2.com;test articel 315;1659744000;0.440657448227103
www.test3.com;test article 316;1659744000;0.969272141273047
www.test1.com;test article 315;1659830400;0.948357075106812
www.test2.com;test articel 316;1659916800;0.591652751025075
www.test3.com;test article 317;1660003200;0.938939473159497
www.test1.com;test article 316;1660089600;0.155987976326908
www.test2.com;test articel 317;1660089600;0.724632040991585
www.test3.com;test article 318;1660262400;0.922845127053055
www.test1.com;test article 317;1660262400;0.136419333501332
www.test2.com;test articel 318;1660262400;0.331651164182811
www.test3.com;test article 319;1660694400;0.340595939982175
www.test1.com;test article 318;1660780800;0.290223114986797
www.test2.com;test articel 319;1660867200;0.640222142362637
www.test3.com;test article 320;1660867200;0.315157640264163
www.test1.com;test article 319;1660867200;0.481140603654625
www.test2.com;test articel 320;1660953600;0.103614543359427
www.test3.com;test article 321;1660953600;0.880046185262264
www.test1.com;test article 320;1661126400;0.462574073258591
www.test2.com;test articel 321;1661126400;0.167651229682665
www.test3.com;test article 322;1661212800;0.884007382501064
www.test1.com;test article 321;1661299200;0.951300997916191
www.test2.com;test articel 322;1661299200;0.439712554106511
www.test3.com;test article 323;1661385600;0.253897638891811
www.test1.com;test article 322;1661472000;0.798600558363227
www.test2.com;test articel 323;1661644800;0.681455476783214
www.test3.com;test article 324;1661644800;0.704623317710441
www.test1.com;test article 323;1661731200;0.849555504817514
www.test2.com;test articel 324;1661731200;0.359221053049665
www.test3.com;test article 325;1661731200;0.0329026233551485
www.test1.com;test article 324;1661990400;0.354868612320654
www.test2.com;test articel 325;1662163200;0.760954311447722
www.test3.com;test article 326;1662249600;0.5123522014515
www.test1.com;test article 325;1662249600;0.596947993417681
www.test2.com;test articel 326;1662336000;0.526411533338458
www.test3.com;test article 327;1662595200;0.608295194797619
www.test1.com;test article 326;1662768000;0.103881673880805
www.test2.com;test articel 327;1662768000;0.941874985365768
www.test3.com;test article 328;1662940800;0.631422400820902
www.test1.com;test article 327;1663113600;0.16252665716506
www.test2.com;test articel 328;1663200000;0.398022391510847
www.test3.com;test article 329;1663286400;0.537553186509374
www.test1.com;test article 328;1663286400;0.369556111127001
www.test2.com;test articel 329;1663372800;0.231293224099826
www.test3.com;test article 330;1663459200;0.917669657210708
www.test1.com;test article 329;1663459200;0.521638072300374
www.test2.com;test articel 330;1663545600;0.764428576533667
www.test3.com;test article 331;1663632000;0.955445618487817
www.test1.com;test article 330;1663891200;0.688543799213516
www.test2.com;test articel 331;1663977600;0.0776883566074995
www.test3.com;test article 332;1663977600;0.519802656089236
www.test1.com;test article 331;1664064000;0.896154706563278
www.test2.com;test articel 332;1664064000;0.539000355378872
www.test3.com;test article 333;1664150400;0.336266998204524
www.test1.com;test article 332;1664236800;0.043073210995261
www.test2.com;test articel 333;1664323200;0.969295113332358
www.test3.com;test article 334;1664323200;0.125206865814055
www.test1.com;test article 333;1664409600;0.0266166972758567
www.test2.com;test articel 334;1664496000;0.00576293813326512
www.test3.com;test article 335;1664582400;0.404844339653338
www.test1.com;test article 334;1664582400;0.424214337078434
